email,password
Archi@mail.ru,123456
677113216@test.test,123456
1953185540@test.test,123456
1416928567@test.test,123456
1276489013@test.test,123456
458389439@test.test,123456
1200442215@test.test,123456
1067240496@test.test,123456
615211491@test.test,123456
1502957380@test.test,123456
1208790469@test.test,123456
1101167764@test.test,123456
266046254@test.test,123456
1747155162@test.test,123456
218684372@mail.com,123456
1075549295@mail.com,123456
574354754@mail.com,123456
1594391034@mail.com,123456
1550056187@mail.com,123456
704445058@mail.com,123456
1469938989@mail.com,123456
633437640@mail.com,123456
356583909@mail.com,123456
516325114@mail.com,123456
203665563@test.test,123456
1920769802@test.test,123456
110381893@test.test,123456
2144412423@test.test,123456
503100163@test.test,123456
1099399264@test.test,123456
1718724037@test.test,123456
1633368691@test.test,123456
1446316416@test.test,123456
1405340777@test.test,123456
458732099@test.test,123456
27125279@test.test,123456
1540287266@test.test,123456
1000034803@test.test,123456
517613303@test.test,123456
168000615@test.test,123456
1232827069@test.test,123456
902705389@test.test,123456
1751202271@test.test,123456
1375018043@test.test,123456
366626390@test.test,123456
102025359@test.test,123456
1481886926@test.test,123456
1826983643@test.test,123456
564264226@test.test,123456
637030676@test.test,123456
1906097678@test.test,123456
376332296@test.test,123456
634559760@test.test,123456
1920278322@test.test,123456
196773507@test.test,123456
325732185@test.test,123456
323954268@test.test,123456
1701057933@test.test,123456
146279435@test.test,123456
641643637@test.test,123456
1351072862@test.test,123456
1682022055@test.test,123456
2128232427@test.test,123456
1798901988@test.test,123456
559614553@test.test,123456
1410347037@test.test,123456
1115167388@test.test,123456
1069655728@test.test,123456
583499249@test.test,123456
1469794716@test.test,123456
481967036@test.test,123456
1252930625@test.test,123456
1958182422@test.test,123456
1825575014@test.test,123456
1245063416@test.test,123456
863321362@test.test,123456
406899642@test.test,123456
1435797413@test.test,123456
1358477980@test.test,123456
1241189434@test.test,123456
848155826@test.test,123456
2109750179@test.test,123456
469851675@test.test,123456
1483184379@test.test,123456
2123513075@test.test,123456
524670994@test.test,123456
2038438528@test.test,123456
855971142@test.test,123456
1599815869@test.test,123456
2143281568@test.test,123456
1348754600@test.test,123456
320935449@test.test,123456
1147444803@test.test,123456
449310666@test.test,123456
50700694@test.test,123456
1133484332@test.test,123456
1311895673@test.test,123456
238633625@test.test,123456
1073011859@test.test,123456
1695251861@test.test,123456
846432607@test.test,123456
1125833390@test.test,123456
9684906@test.test,123456
1399044039@test.test,123456
382666331@test.test,123456
528574110@test.test,123456
1004663902@test.test,123456
1520582923@test.test,123456
253179970@test.test,123456
2056643210@test.test,123456
1172728951@test.test,123456
2048068491@test.test,123456
367785422@test.test,123456
1095873441@test.test,123456
2126025212@test.test,123456
1097443662@test.test,123456
1506777687@test.test,123456
1444874222@test.test,123456
990395305@test.test,123456
2125665660@test.test,123456
116805488@test.test,123456
982553246@test.test,123456
1014689578@test.test,123456
136660880@test.test,123456
778843852@test.test,123456
464802184@test.test,123456
937911319@test.test,123456
627460389@test.test,123456
433228890@test.test,123456
1692200342@test.test,123456
1014353767@test.test,123456
2060446137@test.test,123456
436603613@test.test,123456
601984371@test.test,123456
1523171386@test.test,123456
2022915980@test.test,123456
1211402181@test.test,123456
885091271@test.test,123456
709420636@test.test,123456
771713924@test.test,123456
1099563719@test.test,123456
1853823987@test.test,123456
1754598690@test.test,123456
220871640@test.test,123456
606773917@test.test,123456
1237160933@test.test,123456
404325691@test.test,123456
2125903653@test.test,123456
1122996761@test.test,123456
1374696607@test.test,123456
1913501345@test.test,123456
572966993@test.test,123456
43328574@test.test,123456
1122466728@test.test,123456
2859169@test.test,123456
990150214@test.test,123456
1583478955@test.test,123456
797435602@test.test,123456
632236972@test.test,123456
510347469@test.test,123456
307168598@test.test,123456
2115495321@test.test,123456
2101264825@test.test,123456
165092702@test.test,123456
1413413347@test.test,123456
549392014@test.test,123456
1945959731@test.test,123456
232898213@test.test,123456
1853192925@test.test,123456
1276094545@test.test,123456
2060705728@test.test,123456
12662567@test.test,123456
744123868@test.test,123456
245974021@test.test,123456
802966888@test.test,123456
1607619709@test.test,123456
560061157@test.test,123456
1889240085@test.test,123456
1466010085@test.test,123456
1269534145@test.test,123456
1969647358@test.test,123456
416647206@test.test,123456
1261512360@test.test,123456
958222399@test.test,123456
1909477753@test.test,123456
1529430907@test.test,123456
1020662732@test.test,123456
1759308372@test.test,123456
812847658@test.test,123456
2068237647@test.test,123456
1133120242@test.test,123456
8710178@test.test,123456
1657402925@test.test,123456
1211419397@test.test,123456
1846967255@test.test,123456
61642023@test.test,123456
623505951@test.test,123456
1313848687@test.test,123456
312259859@test.test,123456
467228958@test.test,123456
1754171263@test.test,123456
1179265614@test.test,123456
1331262380@test.test,123456
222683433@test.test,123456
1252498003@test.test,123456
419548597@test.test,123456
1514570810@test.test,123456
1057350591@test.test,123456
1938723935@test.test,123456
1003440170@test.test,123456
1468378755@test.test,123456
1872039584@test.test,123456
958832578@test.test,123456
513875233@test.test,123456
2075547970@test.test,123456
144842493@test.test,123456
143775436@test.test,123456
486752082@test.test,123456
1851648123@test.test,123456
1064979982@test.test,123456
1214488862@test.test,123456
676608870@test.test,123456
974212605@test.test,123456
2041387349@test.test,123456
1949195933@test.test,123456
1604137343@test.test,123456
993376491@test.test,123456
764022543@test.test,123456
1182202100@test.test,123456
1721020475@test.test,123456
2070806764@test.test,123456
599494295@test.test,123456
173204052@test.test,123456
662117306@test.test,123456
472678067@test.test,123456
936265127@test.test,123456
1577095772@test.test,123456
1587885550@test.test,123456
203678316@test.test,123456
16203232@test.test,123456
1449650167@test.test,123456
918044634@test.test,123456
776434978@test.test,123456
1487743041@test.test,123456
146533920@test.test,123456
923914284@test.test,123456
1657448052@test.test,123456
1291287291@test.test,123456
412936981@test.test,123456
280394603@test.test,123456
1881355082@test.test,123456
228947543@test.test,123456
909484085@test.test,123456
1458359807@test.test,123456
617834342@test.test,123456
165287745@test.test,123456
23947020@test.test,123456
516115098@test.test,123456
1237667545@test.test,123456
251219824@test.test,123456
8070091@test.test,123456
1457334145@test.test,123456
422958297@test.test,123456
647067973@test.test,123456
680015876@test.test,123456
1727339906@test.test,123456
1111224067@test.test,123456
1803182104@test.test,123456
431414187@test.test,123456
282792524@test.test,123456
719383509@test.test,123456
1587652092@test.test,123456
1729362690@test.test,123456
1963318633@test.test,123456
1805833194@test.test,123456
1901025820@test.test,123456
1187868509@test.test,123456
1272806880@test.test,123456
1345958078@test.test,123456
689625280@test.test,123456
1396371507@test.test,123456
1540469416@test.test,123456
783403529@test.test,123456
402293364@test.test,123456
589322618@test.test,123456
2093357804@test.test,123456
1373857068@test.test,123456
521101732@test.test,123456
1688458585@test.test,123456
399217271@test.test,123456
93185675@test.test,123456
208818531@test.test,123456
1737545439@test.test,123456
221411071@test.test,123456
213401983@test.test,123456
1203247251@test.test,123456
2036548580@test.test,123456
731770867@test.test,123456
22059409@test.test,123456
56434474@test.test,123456
1733564587@test.test,123456
919222433@test.test,123456
483928311@test.test,123456
1028124785@test.test,123456
921038683@test.test,123456
633924396@test.test,123456
1151017157@test.test,123456
1753415928@test.test,123456
1648081941@test.test,123456
1759421431@test.test,123456
1447857315@test.test,123456
767999514@test.test,123456
1162055847@test.test,123456
1190231191@test.test,123456
319891852@test.test,123456
1508372154@test.test,123456
88191636@test.test,123456
489574066@test.test,123456
494470514@test.test,123456
1161793511@test.test,123456
135740260@test.test,123456
526621800@test.test,123456
1567015279@test.test,123456
925745242@test.test,123456
2064599900@test.test,123456
1769194560@test.test,123456
356339494@test.test,123456
545135014@test.test,123456
1795791009@test.test,123456
1924365402@test.test,123456
435598357@test.test,123456
1404346786@test.test,123456
1867404671@test.test,123456
517309992@test.test,123456
327775687@test.test,123456
1712434425@test.test,123456
435321387@test.test,123456
1902137871@test.test,123456
1162518677@test.test,123456
240310789@test.test,123456
1430158933@test.test,123456
687967597@test.test,123456
908589303@test.test,123456
912182819@test.test,123456
1095391582@test.test,123456
189140266@test.test,123456
404073756@test.test,123456
613313799@test.test,123456
2053415629@test.test,123456
614181110@test.test,123456
1256845677@test.test,123456
1938214273@test.test,123456
1119465626@test.test,123456
93670791@test.test,123456
460086836@test.test,123456
127058034@test.test,123456
1657939320@test.test,123456
954579273@test.test,123456
223553197@test.test,123456
2019668183@test.test,123456
986171442@test.test,123456
2088843366@test.test,123456
1167963709@test.test,123456
170173681@test.test,123456
1221971406@test.test,123456
632377891@test.test,123456
2117544115@test.test,123456
221140518@test.test,123456
424889444@test.test,123456
549591651@test.test,123456
1168805337@test.test,123456
640738222@test.test,123456
1525574086@test.test,123456
1818044634@test.test,123456
127597703@test.test,123456
1057013741@test.test,123456
225210201@test.test,123456
699257271@test.test,123456
257753899@test.test,123456
803198261@test.test,123456
1568937448@test.test,123456
701963115@test.test,123456
692983465@test.test,123456
819984238@test.test,123456
602916702@test.test,123456
60117613@test.test,123456
1819644373@test.test,123456
1860431450@test.test,123456
1637343390@test.test,123456
1852044585@test.test,123456
1724883197@test.test,123456
1684333655@test.test,123456
814556249@test.test,123456
1058369616@test.test,123456
2099916475@test.test,123456
191730591@test.test,123456
887282456@test.test,123456
283533070@test.test,123456
105025121@test.test,123456
1381343639@test.test,123456
1449087202@test.test,123456
1121618019@test.test,123456
1131758574@test.test,123456
931571135@test.test,123456
1489813504@test.test,123456
1796560123@test.test,123456
275881929@test.test,123456
330021448@test.test,123456
138841181@test.test,123456
1216372160@test.test,123456
706192149@test.test,123456
688652867@test.test,123456
820124963@test.test,123456
1943574744@test.test,123456
1183025@test.test,123456
675931074@test.test,123456
1864534486@test.test,123456
791624305@test.test,123456
480738087@test.test,123456
396055940@test.test,123456
1943173230@test.test,123456
2094276252@test.test,123456
1577314199@test.test,123456
415888103@test.test,123456
2130379875@test.test,123456
82760625@test.test,123456
543726476@test.test,123456
1938164337@test.test,123456
2017654120@test.test,123456
870436273@test.test,123456
1395533851@test.test,123456
1307892679@test.test,123456
1940415126@test.test,123456
1812451456@test.test,123456
1725148662@test.test,123456
1651418652@test.test,123456
1261606501@test.test,123456
4990139@test.test,123456
1164720123@test.test,123456
659639461@test.test,123456
1882590984@test.test,123456
912193732@test.test,123456
1750879474@test.test,123456
995842584@test.test,123456
1452438727@test.test,123456
534421063@test.test,123456
1098886340@test.test,123456
1704505795@test.test,123456
604735338@test.test,123456
1529842139@test.test,123456
1968899840@test.test,123456
454230808@test.test,123456
1186903150@test.test,123456
810090474@test.test,123456
894948248@test.test,123456
1314320697@test.test,123456
987760977@test.test,123456
1915872632@test.test,123456
382407872@test.test,123456
1820689377@test.test,123456
1134664956@test.test,123456
926896862@test.test,123456
487041132@test.test,123456
2105443006@test.test,123456
1142708854@test.test,123456
1005549058@test.test,123456
911596637@test.test,123456
1697394345@test.test,123456
945091947@test.test,123456
799294244@test.test,123456
799337098@test.test,123456
1082870984@test.test,123456
717906755@test.test,123456
1959413268@test.test,123456
685574419@test.test,123456
274205564@test.test,123456
60964773@test.test,123456
476741057@test.test,123456
2121289625@test.test,123456
1735116317@test.test,123456
1461097145@test.test,123456
655987372@test.test,123456
1910157923@test.test,123456
1508707909@test.test,123456
1192505939@test.test,123456
1035170154@test.test,123456
2077864569@test.test,123456
703725866@test.test,123456
332533934@test.test,123456
480918428@test.test,123456
2090518780@test.test,123456
163779050@test.test,123456
961544258@test.test,123456
812031991@test.test,123456
114562771@test.test,123456
1804759300@test.test,123456
1162314284@test.test,123456
70512762@test.test,123456
859309265@test.test,123456
1331945090@test.test,123456
723207834@test.test,123456
1126998490@test.test,123456
2046009909@test.test,123456
722695623@test.test,123456
1856803354@test.test,123456
2074297926@test.test,123456
1251058924@test.test,123456
2066380337@test.test,123456
1615850524@test.test,123456
1810400509@test.test,123456
626039809@test.test,123456
1450288785@test.test,123456
2066472974@test.test,123456
1079005723@test.test,123456
214118922@test.test,123456
745177699@test.test,123456
579726151@test.test,123456
148274209@test.test,123456
1342103798@test.test,123456
425369817@test.test,123456
1812723892@test.test,123456
672935731@test.test,123456
1010777662@test.test,123456
146942283@test.test,123456
1496031240@test.test,123456
1789761973@test.test,123456
132627303@test.test,123456
1622368949@test.test,123456
325809054@test.test,123456
1874891325@test.test,123456
133119119@test.test,123456
1666824856@test.test,123456
792956590@test.test,123456
1426250902@test.test,123456
1109276067@test.test,123456
1074740297@test.test,123456
1318324925@test.test,123456
1268359137@test.test,123456
911122920@test.test,123456
1450025222@test.test,123456
133047413@test.test,123456
2040219457@test.test,123456
914728982@test.test,123456
1444002611@test.test,123456
1745792863@test.test,123456
599256880@test.test,123456
1957916693@test.test,123456
1645925293@test.test,123456
848647070@test.test,123456
1580764287@test.test,123456
534796822@test.test,123456
1681478108@test.test,123456
1218284915@test.test,123456
2033849843@test.test,123456
201836074@test.test,123456
1937838528@test.test,123456
758917782@test.test,123456
2040952789@test.test,123456
1896599777@test.test,123456
782804512@test.test,123456
175158334@test.test,123456
1360855873@test.test,123456
459437772@test.test,123456
1084461502@test.test,123456
739281667@test.test,123456
1024527762@test.test,123456
721693491@test.test,123456
5944919@test.test,123456
1123408223@test.test,123456
802163198@test.test,123456
749049404@test.test,123456
1208528915@test.test,123456
1204371052@test.test,123456
877088203@test.test,123456
645626932@test.test,123456
1573414927@test.test,123456
149014827@test.test,123456
1632077098@test.test,123456
1182074781@test.test,123456
1969896748@test.test,123456
1319335935@test.test,123456
1743564196@test.test,123456
823898054@test.test,123456
140044299@test.test,123456
433488295@test.test,123456
1540684298@test.test,123456
1925978289@test.test,123456
990130108@test.test,123456
1524284717@test.test,123456
278751236@test.test,123456
1626835503@test.test,123456
987255824@test.test,123456
967056117@test.test,123456
272295442@test.test,123456
1448374155@test.test,123456
1165903592@test.test,123456
1126716321@test.test,123456
1482344038@test.test,123456
1799817418@test.test,123456
1608646807@test.test,123456
1111453066@test.test,123456
259426131@test.test,123456
1210694553@test.test,123456
1918936444@test.test,123456
1815640003@test.test,123456
1051992946@test.test,123456
675955030@test.test,123456
352063502@test.test,123456
841715973@test.test,123456
1604341976@test.test,123456
1834346207@test.test,123456
1917797254@test.test,123456
781139366@test.test,123456
2016770815@test.test,123456
434925773@test.test,123456
1793439374@test.test,123456
170399122@test.test,123456
343559538@test.test,123456
2007073863@test.test,123456
661650363@test.test,123456
1553113252@test.test,123456
1034978207@test.test,123456
197540093@test.test,123456
1275642441@test.test,123456
1562250011@test.test,123456
1546755922@test.test,123456
358969070@test.test,123456
1536200873@test.test,123456
328914146@test.test,123456
375643113@test.test,123456
1894543726@test.test,123456
310072457@test.test,123456
1739322116@test.test,123456
1596037626@test.test,123456
1290909120@test.test,123456
1228833995@test.test,123456
1477617289@test.test,123456
1134763522@test.test,123456
533788088@test.test,123456
867834101@test.test,123456
2050209351@test.test,123456
332082811@test.test,123456
2051439338@test.test,123456
781217347@test.test,123456
1380175578@test.test,123456
2027023267@test.test,123456
675529072@test.test,123456
36112698@test.test,123456
491156306@test.test,123456
558494997@test.test,123456
143863500@test.test,123456
454707461@test.test,123456
1586165740@test.test,123456
568899876@test.test,123456
222792851@test.test,123456
1098681829@test.test,123456
234227768@test.test,123456
1560788990@test.test,123456
184100664@test.test,123456
728645135@test.test,123456
892566823@test.test,123456
876696342@test.test,123456
915059862@test.test,123456
1848143126@test.test,123456
1534025880@test.test,123456
732433769@test.test,123456
1869826574@test.test,123456
17350739@test.test,123456
687989650@test.test,123456
968299333@test.test,123456
486289824@test.test,123456
1456141904@test.test,123456
791422159@test.test,123456
2140141612@test.test,123456
512899336@test.test,123456
1585433541@test.test,123456
520070040@test.test,123456
1786163737@test.test,123456
895312686@test.test,123456
674260686@test.test,123456
1945095497@test.test,123456
594092993@test.test,123456
2014705264@test.test,123456
886657024@test.test,123456
930646801@test.test,123456
697830746@test.test,123456
2002229920@test.test,123456
254375581@test.test,123456
1222095692@test.test,123456
1785780884@test.test,123456
1015397572@test.test,123456
306111838@test.test,123456
1500077598@test.test,123456
1845850240@test.test,123456
2120520110@test.test,123456
1174259068@test.test,123456
1855662310@test.test,123456
483138990@test.test,123456
633831356@test.test,123456
221400140@test.test,123456
475516919@test.test,123456
1215239274@test.test,123456
741831137@test.test,123456
1569767521@test.test,123456
1316500840@test.test,123456
675646173@test.test,123456
1024311125@test.test,123456
874833338@test.test,123456
341229918@test.test,123456
1321237841@test.test,123456
378483102@test.test,123456
1674709527@test.test,123456
1925506548@test.test,123456
1288939395@test.test,123456
1461625785@test.test,123456
293064970@test.test,123456
891767714@test.test,123456
1038388456@test.test,123456
238390420@test.test,123456
27837382@test.test,123456
1049012260@test.test,123456
1537536696@test.test,123456
1471250979@test.test,123456
826804138@test.test,123456
691835949@test.test,123456
1085163859@test.test,123456
1005813325@test.test,123456
1676477943@test.test,123456
1465999442@test.test,123456
1440214223@test.test,123456
1048048527@test.test,123456
2001709409@test.test,123456
282968810@test.test,123456
280687845@test.test,123456
479169851@test.test,123456
615105499@test.test,123456
1052535858@test.test,123456
412963067@test.test,123456
1879140263@test.test,123456
1392849975@test.test,123456
1021981925@test.test,123456
284210547@test.test,123456
602878186@test.test,123456
789976995@test.test,123456
693263993@test.test,123456
697331667@test.test,123456
469556856@test.test,123456
1262719401@test.test,123456
1537272458@test.test,123456
2056135141@test.test,123456
574154575@test.test,123456
868513060@test.test,123456
506805287@test.test,123456
513262470@test.test,123456
1287977481@test.test,123456
1806731010@test.test,123456
2056523241@test.test,123456
491840324@test.test,123456
1570370936@test.test,123456
499837640@test.test,123456
1195388217@test.test,123456
87941260@test.test,123456
1951778150@test.test,123456
2087790358@test.test,123456
1740633178@test.test,123456
1701686851@test.test,123456
423616703@test.test,123456
2023235591@test.test,123456
1481164756@test.test,123456
510619122@test.test,123456
1489559265@test.test,123456
1274160341@test.test,123456
394218163@test.test,123456
1555750146@test.test,123456
1036282034@test.test,123456
2004851917@test.test,123456
2126456246@test.test,123456
1464915979@test.test,123456
1141358928@test.test,123456
22340696@test.test,123456
1590398194@test.test,123456
1491273780@test.test,123456
1628884138@test.test,123456
539784148@test.test,123456
1257734159@test.test,123456
1129506088@test.test,123456
153664181@test.test,123456
1118240985@test.test,123456
1545841438@test.test,123456
2048797813@test.test,123456
107971079@test.test,123456
254663144@test.test,123456
2093630701@test.test,123456
107886199@test.test,123456
1834721916@test.test,123456
949796004@test.test,123456
1475550945@test.test,123456
1752175270@test.test,123456
722751956@test.test,123456
260307776@test.test,123456
1940514413@test.test,123456
1508858123@test.test,123456
759024611@test.test,123456
1042399020@test.test,123456
750831010@test.test,123456
1269864190@test.test,123456
556767489@test.test,123456
913333549@test.test,123456
785302512@test.test,123456
1779200955@test.test,123456
543025247@test.test,123456
879326167@test.test,123456
828452840@test.test,123456
1972179049@test.test,123456
775496886@test.test,123456
281931271@test.test,123456
429462753@test.test,123456
393225031@test.test,123456
1293754663@test.test,123456
446103895@test.test,123456
2123230789@test.test,123456
1167466401@test.test,123456
811454036@test.test,123456
1542720824@test.test,123456
207743142@test.test,123456
1474741243@test.test,123456
1665993252@test.test,123456
1941052180@test.test,123456
1561746001@test.test,123456
1437359981@test.test,123456
732027827@test.test,123456
603786860@test.test,123456
629099048@test.test,123456
64233120@test.test,123456
239832129@test.test,123456
1867613946@test.test,123456
1855644594@test.test,123456
1400806086@test.test,123456
1655664052@test.test,123456
1929968307@test.test,123456
1698668464@test.test,123456
1095716791@test.test,123456
617918954@test.test,123456
891202040@test.test,123456
1617478703@test.test,123456
461949461@test.test,123456
1237129108@test.test,123456
2090679756@test.test,123456
1237138416@test.test,123456
1750239503@test.test,123456
1211441588@test.test,123456
751076125@test.test,123456
1790089785@test.test,123456
1634988080@test.test,123456
775569567@test.test,123456
104563146@test.test,123456
1508057982@test.test,123456
296456519@test.test,123456
1654417594@test.test,123456
234055672@test.test,123456
998736176@test.test,123456
1541906995@test.test,123456
1224328880@test.test,123456
1713385526@test.test,123456
1848437471@test.test,123456
1904405909@test.test,123456
158398806@test.test,123456
1588972513@test.test,123456
847835871@test.test,123456
66154976@test.test,123456
1307347067@test.test,123456
1826345409@test.test,123456
2114147604@test.test,123456
1527761570@test.test,123456
954845458@test.test,123456
231765295@test.test,123456
783518409@test.test,123456
2025525615@test.test,123456
1012586158@test.test,123456
1951779344@test.test,123456
148279134@test.test,123456
444472617@test.test,123456
151019961@test.test,123456
884974528@test.test,123456
480623117@test.test,123456
2025842371@test.test,123456
1749728982@test.test,123456
704375686@test.test,123456
676878543@test.test,123456
57173096@test.test,123456
647099099@test.test,123456
1664196812@test.test,123456
1805519065@test.test,123456
149078936@test.test,123456
59248089@test.test,123456
180402849@test.test,123456
90437220@test.test,123456
11911827@test.test,123456
1720109988@test.test,123456
1594441009@test.test,123456
207043893@test.test,123456
1095225509@test.test,123456
484577953@test.test,123456
1774838347@test.test,123456
1171095001@test.test,123456
1593680244@test.test,123456
1523489588@test.test,123456
102809287@test.test,123456
1542910924@test.test,123456
585610978@test.test,123456
1052735850@test.test,123456
1007393041@test.test,123456
1452337466@test.test,123456
22171349@test.test,123456
154845414@test.test,123456
480534317@test.test,123456
580101169@test.test,123456
79068452@test.test,123456
152765421@test.test,123456
21770829@test.test,123456
215839768@test.test,123456
2084243263@test.test,123456
506225206@test.test,123456
266617890@test.test,123456
1754042071@test.test,123456
1478379370@test.test,123456
109269908@test.test,123456
1482790667@test.test,123456
973471615@test.test,123456
512118108@test.test,123456
1980195272@test.test,123456
1326072249@test.test,123456
146210337@test.test,123456
388756804@test.test,123456
552870139@test.test,123456
348149732@test.test,123456
1766017252@test.test,123456
1116953273@test.test,123456
297884210@test.test,123456
616040873@test.test,123456
888054576@test.test,123456
1261159686@test.test,123456
904710140@test.test,123456
1406453454@test.test,123456
1251827918@test.test,123456
894476114@test.test,123456
30343511@test.test,123456
700009280@test.test,123456
1569579192@test.test,123456
1191625726@test.test,123456
1704648358@test.test,123456
1301233236@test.test,123456
972333434@test.test,123456
1625149750@test.test,123456
1141691464@test.test,123456
1969059243@test.test,123456
1947793590@test.test,123456
1107863238@test.test,123456
1534565397@test.test,123456
1841995232@test.test,123456
1244348810@test.test,123456
706115742@test.test,123456
355764020@test.test,123456
1958075805@test.test,123456
1232510327@test.test,123456
1658394382@test.test,123456
1044013730@test.test,123456
2086470222@test.test,123456
875298812@test.test,123456
2026377067@test.test,123456
1870911280@test.test,123456
964231289@test.test,123456
927360554@test.test,123456
439050658@test.test,123456
990178600@test.test,123456
1115675203@test.test,123456
646522901@test.test,123456
1633917866@test.test,123456
555333080@test.test,123456
1720513643@test.test,123456
171708724@test.test,123456
593344471@test.test,123456
268168087@test.test,123456
378422606@test.test,123456
1040585270@test.test,123456
566449607@test.test,123456
1967631863@test.test,123456
1686277744@test.test,123456
319543910@test.test,123456
679593804@test.test,123456
1191637913@test.test,123456
231098332@test.test,123456
671074730@test.test,123456
1586293070@test.test,123456
835921248@test.test,123456
496297853@test.test,123456
1019207360@test.test,123456
1701006847@test.test,123456
1654621788@test.test,123456
1309872365@test.test,123456
480646891@test.test,123456



