1401632623@mail.com,123456
1122351731@mail.com,123456
306749416@mail.com,123456
1717795813@mail.com,123456
1663349087@mail.com,123456
655353343@mail.com,123456
770154618@mail.com,123456
1330838405@mail.com,123456
1358916594@mail.com,123456
611337821@mail.com,123456
2107468564@mail.com,123456
433373837@mail.com,123456
661953599@mail.com,123456
1230355675@mail.com,123456
1981639795@mail.com,123456
218684372@mail.com,123456
1075549295@mail.com,123456
574354754@mail.com,123456
1594391034@mail.com,123456
1550056187@mail.com,123456
704445058@mail.com,123456
1469938989@mail.com,123456
633437640@mail.com,123456
356583909@mail.com,123456
516325114@mail.com,123456
1753920287@mail.com,123456
822718210@mail.com,123456
1997608829@mail.com,123456
922037437@mail.com,123456
94293348@mail.com,123456
1646998597@mail.com,123456
1240037889@mail.com,123456
2056572791@mail.com,123456
655200497@mail.com,123456
420767131@mail.com,123456
479708905@mail.com,123456
691157278@mail.com,123456
1262531088@mail.com,123456
133538313@mail.com,123456
550872673@mail.com,123456
10018852@mail.com,123456
643675632@mail.com,123456
833082801@mail.com,123456
1607990771@mail.com,123456
529351538@mail.com,123456
247170687@mail.com,123456
474626935@mail.com,123456
1982206942@mail.com,123456
1517673199@mail.com,123456
799953736@mail.com,123456
338778460@mail.com,123456
1436140728@mail.com,123456
676115087@mail.com,123456
1365203225@mail.com,123456
534956287@mail.com,123456
39297808@mail.com,123456
1371034678@mail.com,123456
1109074502@mail.com,123456
1673303355@mail.com,123456
708779848@mail.com,123456
1000310502@mail.com,123456
1037380242@mail.com,123456
1745285819@mail.com,123456
1750241274@mail.com,123456
1133253187@mail.com,123456
1264789590@mail.com,123456
875016000@mail.com,123456
1993059780@mail.com,123456
1124814135@mail.com,123456
493441860@mail.com,123456
751376747@mail.com,123456
1837110524@mail.com,123456
3253170@mail.com,123456
1252659168@mail.com,123456
1691262063@mail.com,123456
62977933@mail.com,123456
2018744873@mail.com,123456
1351366423@mail.com,123456
1618691178@mail.com,123456
297653754@mail.com,123456
1408516559@mail.com,123456
2122002630@mail.com,123456
2008261393@mail.com,123456
117528210@mail.com,123456
1648518610@mail.com,123456
1063544816@mail.com,123456
1951730758@mail.com,123456
2140715194@mail.com,123456
457921145@mail.com,123456
1546002859@mail.com,123456
2130763425@mail.com,123456
283121513@mail.com,123456
1236013101@mail.com,123456
278544133@mail.com,123456
1171754139@mail.com,123456
1985274410@mail.com,123456
620297766@mail.com,123456
1768537831@mail.com,123456
255916776@mail.com,123456
279530741@mail.com,123456
1300698996@mail.com,123456
1977600448@mail.com,123456
417582393@mail.com,123456
1773105778@mail.com,123456
1237309010@mail.com,123456
617489643@mail.com,123456
2079977497@mail.com,123456
1334043504@mail.com,123456
1675996807@mail.com,123456
1501946959@mail.com,123456
1726250060@mail.com,123456
1026531805@mail.com,123456
1579546061@mail.com,123456
1680411654@mail.com,123456
1092385277@mail.com,123456
1604209425@mail.com,123456
796267112@mail.com,123456
126321396@mail.com,123456
227831@mail.com,123456
399708232@mail.com,123456
1330781424@mail.com,123456
302277962@mail.com,123456
90518813@mail.com,123456
1689117397@mail.com,123456
522814598@mail.com,123456
1304403352@mail.com,123456
720767986@mail.com,123456
959725200@mail.com,123456
515123724@mail.com,123456
1076618110@mail.com,123456
1630485094@mail.com,123456
678829080@mail.com,123456
529949496@mail.com,123456
470229742@mail.com,123456
324249711@mail.com,123456
1056746115@mail.com,123456
202412012@mail.com,123456
63963481@mail.com,123456
475624085@mail.com,123456
1706379264@mail.com,123456
1368311629@mail.com,123456
1642063664@mail.com,123456
1150455557@mail.com,123456
923427924@mail.com,123456
1404227829@mail.com,123456
1492235455@mail.com,123456
1656466956@mail.com,123456
404634867@mail.com,123456
1214298906@mail.com,123456
996070182@mail.com,123456
1194227164@mail.com,123456
1322268678@mail.com,123456
477986586@mail.com,123456
958842042@mail.com,123456
2038804194@mail.com,123456
1787814621@mail.com,123456
1914452070@mail.com,123456
543994286@mail.com,123456
1781633632@mail.com,123456
1089318230@mail.com,123456
327293863@mail.com,123456
1008984727@mail.com,123456
451628848@mail.com,123456
546137784@mail.com,123456
111457525@mail.com,123456
1852179216@mail.com,123456
1095631910@mail.com,123456
481894223@mail.com,123456
795697340@mail.com,123456
694581761@mail.com,123456
1933990938@mail.com,123456
1783217441@mail.com,123456
1369613928@mail.com,123456
683907093@mail.com,123456
872150187@mail.com,123456
973813126@mail.com,123456
225384661@mail.com,123456
756235553@mail.com,123456
597318178@mail.com,123456
815915260@mail.com,123456
1166725871@mail.com,123456
905884985@mail.com,123456
1920323376@mail.com,123456
1440333102@mail.com,123456
291769088@mail.com,123456
175240555@mail.com,123456
1016868363@mail.com,123456
778158976@mail.com,123456
1855021658@mail.com,123456
699495467@mail.com,123456
1412468250@mail.com,123456
1219155771@mail.com,123456
1397343850@mail.com,123456
1941289399@mail.com,123456
1748595998@mail.com,123456
546362001@mail.com,123456
2137693239@mail.com,123456
514762425@mail.com,123456
852815009@mail.com,123456
1048963874@mail.com,123456
1044854585@mail.com,123456
1482817947@mail.com,123456
639463151@mail.com,123456
1795277271@mail.com,123456
679343245@mail.com,123456
51627081@mail.com,123456
1838759310@mail.com,123456
233193902@mail.com,123456
312864439@mail.com,123456
1298604588@mail.com,123456
1215988044@mail.com,123456
205090589@mail.com,123456
1086796924@mail.com,123456
2189032@mail.com,123456
2011886786@mail.com,123456
1871570711@mail.com,123456
205577451@mail.com,123456
251407103@mail.com,123456
660583337@mail.com,123456
1058918455@mail.com,123456
295850465@mail.com,123456
1897491083@mail.com,123456
1847827034@mail.com,123456
438738428@mail.com,123456
991071946@mail.com,123456
933884391@mail.com,123456
976586783@mail.com,123456
1478578048@mail.com,123456
461984991@mail.com,123456
1198466346@mail.com,123456
2053381888@mail.com,123456
1567172125@mail.com,123456
788842999@mail.com,123456
1813681729@mail.com,123456
1766150198@mail.com,123456
1500935686@mail.com,123456
292506006@mail.com,123456
1566404562@mail.com,123456
731425122@mail.com,123456
1449514334@mail.com,123456
1144644562@mail.com,123456
944751060@mail.com,123456
2063068149@mail.com,123456
330018468@mail.com,123456
1665301116@mail.com,123456
2109573992@mail.com,123456
1252378516@mail.com,123456
1503657796@mail.com,123456
2131680095@mail.com,123456
1417771775@mail.com,123456
1635287715@mail.com,123456
840607426@mail.com,123456
980289367@mail.com,123456
239280979@mail.com,123456
739739986@mail.com,123456
1624816350@mail.com,123456
855298604@mail.com,123456
391175519@mail.com,123456
320290125@mail.com,123456
586647190@mail.com,123456
1064313115@mail.com,123456
1438110969@mail.com,123456
1289035584@mail.com,123456
1958703775@mail.com,123456
63361085@mail.com,123456
1949344695@mail.com,123456
615021884@mail.com,123456
173405006@mail.com,123456
991215978@mail.com,123456
508026208@mail.com,123456
331044197@mail.com,123456
1029320594@mail.com,123456
1466101431@mail.com,123456
1751481944@mail.com,123456
878154278@mail.com,123456
903057850@mail.com,123456
868050846@mail.com,123456
362960367@mail.com,123456
873850229@mail.com,123456
2068899372@mail.com,123456
2132116925@mail.com,123456
2126553275@mail.com,123456
1048643472@mail.com,123456
1694711783@mail.com,123456
1193128784@mail.com,123456
499824538@mail.com,123456
52497788@mail.com,123456
1973462470@mail.com,123456
1040652085@mail.com,123456
1851565279@mail.com,123456
542012636@mail.com,123456
2057168574@mail.com,123456
1278436958@mail.com,123456
358086708@mail.com,123456
736623546@mail.com,123456
1127966294@mail.com,123456
295584708@mail.com,123456
725921143@mail.com,123456
774936612@mail.com,123456
1425685031@mail.com,123456
1288055861@mail.com,123456
499988552@mail.com,123456
968093561@mail.com,123456
991404832@mail.com,123456
1790075236@mail.com,123456
82436329@mail.com,123456
1060278971@mail.com,123456
1933628389@mail.com,123456
1602195279@mail.com,123456
580143252@mail.com,123456
889329446@mail.com,123456
1248053895@mail.com,123456
477343646@mail.com,123456
853828329@mail.com,123456
2036752167@mail.com,123456
670077178@mail.com,123456
1946534702@mail.com,123456
1760254366@mail.com,123456
716112929@mail.com,123456
1825750018@mail.com,123456
298737339@mail.com,123456
384726204@mail.com,123456
18872297@mail.com,123456
663627637@mail.com,123456
1514560732@mail.com,123456
275892159@mail.com,123456
523815538@mail.com,123456
1302749810@mail.com,123456
626470286@mail.com,123456
1967052273@mail.com,123456
1705972449@mail.com,123456
109163070@mail.com,123456
1692738091@mail.com,123456
1127733926@mail.com,123456
1265466873@mail.com,123456
923002662@mail.com,123456
1664382870@mail.com,123456
1932685737@mail.com,123456
382234306@mail.com,123456
900515635@mail.com,123456
2085881409@mail.com,123456
2027107638@mail.com,123456
345246890@mail.com,123456
577613432@mail.com,123456
1568962557@mail.com,123456
1754577714@mail.com,123456
757298978@mail.com,123456
1508762015@mail.com,123456
967347278@mail.com,123456
1496959188@mail.com,123456
1872773392@mail.com,123456
2022742333@mail.com,123456
633444555@mail.com,123456
1684952483@mail.com,123456
343601946@mail.com,123456
216111481@mail.com,123456
769022942@mail.com,123456
830483939@mail.com,123456
302420355@mail.com,123456
38524831@mail.com,123456
1076917991@mail.com,123456
1366031546@mail.com,123456
547168930@mail.com,123456
875044063@mail.com,123456
218289348@mail.com,123456
756419335@mail.com,123456
280093228@mail.com,123456
435147758@mail.com,123456
291911038@mail.com,123456
940366234@mail.com,123456
1427959157@mail.com,123456
1326408936@mail.com,123456
1761155827@mail.com,123456
1457010948@mail.com,123456
122877842@mail.com,123456
1396747287@mail.com,123456
540129283@mail.com,123456
823688123@mail.com,123456
1235876291@mail.com,123456
634167058@mail.com,123456
989939584@mail.com,123456
621928326@mail.com,123456
594845577@mail.com,123456
1162748787@mail.com,123456
1142646973@mail.com,123456
70033061@mail.com,123456
1596670577@mail.com,123456
821011672@mail.com,123456
680592462@mail.com,123456
2009498448@mail.com,123456
1301199592@mail.com,123456
646501998@mail.com,123456
1203449634@mail.com,123456
40184446@mail.com,123456
911554155@mail.com,123456
1652012810@mail.com,123456
259081156@mail.com,123456
163572260@mail.com,123456
1804779091@mail.com,123456
844262088@mail.com,123456
212026710@mail.com,123456
2077810612@mail.com,123456
1157663512@mail.com,123456
2074630446@mail.com,123456
140725739@mail.com,123456
1390438084@mail.com,123456
1956168240@mail.com,123456
1005068327@mail.com,123456
1596276808@mail.com,123456
1686195963@mail.com,123456
1923355968@mail.com,123456
1478013802@mail.com,123456
992017627@mail.com,123456
436558949@mail.com,123456
1671766911@mail.com,123456
2025139749@mail.com,123456
2020582381@mail.com,123456
173111747@mail.com,123456
1981265957@mail.com,123456
81726186@mail.com,123456
992215338@mail.com,123456
1526983734@mail.com,123456
1084429561@mail.com,123456
295442390@mail.com,123456
123261781@mail.com,123456
1402145228@mail.com,123456
1594681973@mail.com,123456
450874212@mail.com,123456
1649686467@mail.com,123456
491524112@mail.com,123456
183721716@mail.com,123456
1489073924@mail.com,123456
610764730@mail.com,123456
1811785049@mail.com,123456
1640345293@mail.com,123456
648169744@mail.com,123456
1216183091@mail.com,123456
548217454@mail.com,123456
651243150@mail.com,123456
725429782@mail.com,123456
857976747@mail.com,123456
164971291@mail.com,123456
643046391@mail.com,123456
515001628@mail.com,123456
1408515825@mail.com,123456
268707965@mail.com,123456
1538558143@mail.com,123456
1918236704@mail.com,123456
2113039385@mail.com,123456
404560053@mail.com,123456
332790218@mail.com,123456
569239534@mail.com,123456
646809194@mail.com,123456
1551215382@mail.com,123456
1677182334@mail.com,123456
1177327418@mail.com,123456
334431173@mail.com,123456
1117539959@mail.com,123456
795112114@mail.com,123456
1879564246@mail.com,123456
1262970744@mail.com,123456
1367850409@mail.com,123456
667731749@mail.com,123456
325304293@mail.com,123456
378765094@mail.com,123456
204878789@mail.com,123456
1566353270@mail.com,123456
1804546855@mail.com,123456
854947505@mail.com,123456
1129457674@mail.com,123456
1490127046@mail.com,123456
776669808@mail.com,123456
1201354651@mail.com,123456
1397030499@mail.com,123456
1410710562@mail.com,123456
1759348623@mail.com,123456
1043772553@mail.com,123456
2135009858@mail.com,123456
101891025@mail.com,123456
996450854@mail.com,123456
409020477@mail.com,123456
81970284@mail.com,123456
1297391683@mail.com,123456
947316374@mail.com,123456
414010917@mail.com,123456
1970455310@mail.com,123456
36723037@mail.com,123456
829830769@mail.com,123456
1385209707@mail.com,123456
327986530@mail.com,123456
80535111@mail.com,123456
735576142@mail.com,123456
2073795943@mail.com,123456
2085620@mail.com,123456
1811259602@mail.com,123456
1188057405@mail.com,123456
1417349871@mail.com,123456
1925413437@mail.com,123456
1083854807@mail.com,123456
263287425@mail.com,123456
1435983543@mail.com,123456
1116038764@mail.com,123456
787289617@mail.com,123456
2105318040@mail.com,123456
1744982950@mail.com,123456
1625324342@mail.com,123456
1874596864@mail.com,123456
264472385@mail.com,123456
1568702626@mail.com,123456
1378714964@mail.com,123456
126724725@mail.com,123456
990685309@mail.com,123456
911350914@mail.com,123456
1074195671@mail.com,123456
1569873850@mail.com,123456
1326652202@mail.com,123456
1592715619@mail.com,123456
1725631206@mail.com,123456
747124511@mail.com,123456
455788657@mail.com,123456
830705251@mail.com,123456
1816530177@mail.com,123456
2102651855@mail.com,123456
2138066422@mail.com,123456
1096490462@mail.com,123456
1752615181@mail.com,123456
180272122@mail.com,123456
205143125@mail.com,123456
750032200@mail.com,123456
1750870822@mail.com,123456
1020926938@mail.com,123456
986837538@mail.com,123456
580188067@mail.com,123456
852886376@mail.com,123456
1146219087@mail.com,123456
405531732@mail.com,123456
874511447@mail.com,123456
1825475347@mail.com,123456
16041492@mail.com,123456
1628402289@mail.com,123456
1193386178@mail.com,123456
822980440@mail.com,123456
1931163700@mail.com,123456
1271746659@mail.com,123456
478152254@mail.com,123456
1842820326@mail.com,123456
1220445592@mail.com,123456
174278992@mail.com,123456
23425409@mail.com,123456
1123614571@mail.com,123456
730662326@mail.com,123456
679190435@mail.com,123456
216629454@mail.com,123456
534912284@mail.com,123456
1012497574@mail.com,123456
327319686@mail.com,123456
1652130181@mail.com,123456
612305872@mail.com,123456
325435693@mail.com,123456
1790634046@mail.com,123456
1682533911@mail.com,123456
1878981013@mail.com,123456
420662593@mail.com,123456
2078605473@mail.com,123456
1533846886@mail.com,123456
1387480923@mail.com,123456
949266389@mail.com,123456
1295031338@mail.com,123456
2012288187@mail.com,123456
1387635011@mail.com,123456
1762175876@mail.com,123456
2036803417@mail.com,123456
437356210@mail.com,123456
307875063@mail.com,123456
475762591@mail.com,123456
1745514794@mail.com,123456
1414358663@mail.com,123456
1008954509@mail.com,123456
714475625@mail.com,123456
1100867523@mail.com,123456
1042376132@mail.com,123456
1980286412@mail.com,123456
1379980374@mail.com,123456
517521392@mail.com,123456
87346628@mail.com,123456
108620630@mail.com,123456
2076071825@mail.com,123456
2076997597@mail.com,123456
1505991254@mail.com,123456
1151698065@mail.com,123456
1296152054@mail.com,123456
598268488@mail.com,123456
402400300@mail.com,123456
1801339653@mail.com,123456
900749035@mail.com,123456
2041812146@mail.com,123456
934193644@mail.com,123456
1619398718@mail.com,123456
41766594@mail.com,123456
397557713@mail.com,123456
886819926@mail.com,123456
2139122552@mail.com,123456
743315453@mail.com,123456
548817751@mail.com,123456
393474625@mail.com,123456
935450453@mail.com,123456
1145254997@mail.com,123456
999235714@mail.com,123456
1307328175@mail.com,123456
1004568964@mail.com,123456
1103024876@mail.com,123456
1546166821@mail.com,123456
115662299@mail.com,123456
1682684357@mail.com,123456
1106945071@mail.com,123456
951056784@mail.com,123456
1436258861@mail.com,123456
905193645@mail.com,123456
588961742@mail.com,123456
1661902312@mail.com,123456
728925745@mail.com,123456
353381786@mail.com,123456
736127511@mail.com,123456
1608442985@mail.com,123456
1939575624@mail.com,123456
1772125634@mail.com,123456
1917202231@mail.com,123456
783396281@mail.com,123456
969923979@mail.com,123456
240395816@mail.com,123456
1017985191@mail.com,123456
1655713885@mail.com,123456
2084483127@mail.com,123456
179829570@mail.com,123456
1216962691@mail.com,123456
2131667475@mail.com,123456
70240691@mail.com,123456
1176598079@mail.com,123456
1242332964@mail.com,123456
722590247@mail.com,123456
680818307@mail.com,123456
1022486290@mail.com,123456
1810724066@mail.com,123456
892597892@mail.com,123456
1356167591@mail.com,123456
23321344@mail.com,123456
437434211@mail.com,123456
1374266844@mail.com,123456
1114157234@mail.com,123456
1161313947@mail.com,123456
3228197@mail.com,123456
539336878@mail.com,123456
774249156@mail.com,123456
1994577033@mail.com,123456
1934490621@mail.com,123456
52356056@mail.com,123456
1334461624@mail.com,123456
716192559@mail.com,123456
784902208@mail.com,123456
2137660496@mail.com,123456
1627794723@mail.com,123456
1672263977@mail.com,123456
396199541@mail.com,123456
2137685235@mail.com,123456
1286964511@mail.com,123456
717813604@mail.com,123456
1909045164@mail.com,123456
202913357@mail.com,123456
2113517720@mail.com,123456
1451752245@mail.com,123456
101763327@mail.com,123456
105692034@mail.com,123456
1613519426@mail.com,123456
359477505@mail.com,123456
609985516@mail.com,123456
1432231036@mail.com,123456
2071802954@mail.com,123456
181854797@mail.com,123456
1693056425@mail.com,123456
1314892402@mail.com,123456
1235490594@mail.com,123456
2122013267@mail.com,123456
1153613186@mail.com,123456
1904420250@mail.com,123456
1413520247@mail.com,123456
1207546440@mail.com,123456
1068842061@mail.com,123456
1602308889@mail.com,123456
1114937010@mail.com,123456
925433976@mail.com,123456
694085105@mail.com,123456
1387791890@mail.com,123456
1859192819@mail.com,123456
1162751550@mail.com,123456
319022702@mail.com,123456
426305965@mail.com,123456
34649183@mail.com,123456
1630392855@mail.com,123456
260597758@mail.com,123456
492436821@mail.com,123456
898300490@mail.com,123456
1537926995@mail.com,123456
1593792173@mail.com,123456
1029247563@mail.com,123456
1763917398@mail.com,123456
997441299@mail.com,123456
1248754633@mail.com,123456
1816501013@mail.com,123456
2087121977@mail.com,123456
642337865@mail.com,123456
2062174491@mail.com,123456
993307890@mail.com,123456
355439180@mail.com,123456
215468208@mail.com,123456
595449247@mail.com,123456
366616346@mail.com,123456
846016587@mail.com,123456
582965544@mail.com,123456
1971727458@mail.com,123456
226295122@mail.com,123456
2105789193@mail.com,123456
1510745268@mail.com,123456
1600800252@mail.com,123456
252866779@mail.com,123456
986791554@mail.com,123456
1192737748@mail.com,123456
1691562161@mail.com,123456
603739639@mail.com,123456
1035117513@mail.com,123456
1933550706@mail.com,123456
405185794@mail.com,123456
803794247@mail.com,123456
1694239142@mail.com,123456
1122435532@mail.com,123456
43907037@mail.com,123456
605128032@mail.com,123456
763236870@mail.com,123456
957955981@mail.com,123456
256784278@mail.com,123456
629592649@mail.com,123456
60897780@mail.com,123456
1308314555@mail.com,123456
158745801@mail.com,123456
2127232728@mail.com,123456
1072926377@mail.com,123456
560180839@mail.com,123456
1371445675@mail.com,123456
579511171@mail.com,123456
2103993041@mail.com,123456
135423224@mail.com,123456
1629200070@mail.com,123456
636207334@mail.com,123456
1013236535@mail.com,123456
1581983153@mail.com,123456
719832100@mail.com,123456
228287401@mail.com,123456
1387007405@mail.com,123456
1779459797@mail.com,123456
581216417@mail.com,123456
1195665447@mail.com,123456
1150825581@mail.com,123456
734986509@mail.com,123456
672879278@mail.com,123456
1590298101@mail.com,123456
92472487@mail.com,123456
517434472@mail.com,123456
1037373320@mail.com,123456
651156725@mail.com,123456
1830148607@mail.com,123456
839605153@mail.com,123456
1234803496@mail.com,123456
116604423@mail.com,123456
1947638442@mail.com,123456
1234187032@mail.com,123456
319026769@mail.com,123456
921184900@mail.com,123456
197604509@mail.com,123456
929333385@mail.com,123456
1064495358@mail.com,123456
1595229317@mail.com,123456
1631033495@mail.com,123456
551321461@mail.com,123456
1519076882@mail.com,123456
2034688685@mail.com,123456
1423097200@mail.com,123456
113955363@mail.com,123456
1565007595@mail.com,123456
1745105290@mail.com,123456
975185986@mail.com,123456
206251241@mail.com,123456
381783960@mail.com,123456
1111395905@mail.com,123456
729970491@mail.com,123456
966075664@mail.com,123456
1521618039@mail.com,123456
2074369678@mail.com,123456
1185965328@mail.com,123456
30581596@mail.com,123456
1261090376@mail.com,123456
2091866878@mail.com,123456
459716430@mail.com,123456
1322346747@mail.com,123456
1431328434@mail.com,123456
1170088317@mail.com,123456
147631381@mail.com,123456
1444232827@mail.com,123456
392747766@mail.com,123456
908355081@mail.com,123456
710510019@mail.com,123456
1070018341@mail.com,123456
1655853766@mail.com,123456
62316091@mail.com,123456
1083162540@mail.com,123456
40725066@mail.com,123456
1420303052@mail.com,123456
540361591@mail.com,123456
1810047433@mail.com,123456
1501561678@mail.com,123456
471035448@mail.com,123456
1077194988@mail.com,123456
1540256140@mail.com,123456
2030160713@mail.com,123456
1593892799@mail.com,123456
1934036610@mail.com,123456
1351792442@mail.com,123456
1224150864@mail.com,123456
650271430@mail.com,123456
2000193383@mail.com,123456
313875095@mail.com,123456
303451035@mail.com,123456
1449771851@mail.com,123456
61894234@mail.com,123456
1178711371@mail.com,123456
983895105@mail.com,123456
1076491814@mail.com,123456
1882934072@mail.com,123456
121181666@mail.com,123456
1620986524@mail.com,123456
132680747@mail.com,123456
963576580@mail.com,123456
912413547@mail.com,123456
223092249@mail.com,123456
2095856504@mail.com,123456
1564107269@mail.com,123456
2015343345@mail.com,123456
2056539968@mail.com,123456
1348876876@mail.com,123456
1757064896@mail.com,123456
683663031@mail.com,123456
1815813160@mail.com,123456
797992606@mail.com,123456
1643039247@mail.com,123456
1886047656@mail.com,123456
186514761@mail.com,123456
330453022@mail.com,123456
933153024@mail.com,123456
245566194@mail.com,123456
652940261@mail.com,123456
1202561015@mail.com,123456
1701458660@mail.com,123456
417686484@mail.com,123456
1741232785@mail.com,123456
1741749383@mail.com,123456
988875114@mail.com,123456
2141771258@mail.com,123456
960273260@mail.com,123456
1473345588@mail.com,123456
1500023598@mail.com,123456
1867168063@mail.com,123456
1519085281@mail.com,123456
1996528217@mail.com,123456
1019819726@mail.com,123456
1514458342@mail.com,123456
1683431752@mail.com,123456
737734234@mail.com,123456
285632523@mail.com,123456
1894056813@mail.com,123456
17693989@mail.com,123456
1699990183@mail.com,123456
693031127@mail.com,123456
339474494@mail.com,123456
407610748@mail.com,123456
4543583@mail.com,123456
1951139662@mail.com,123456
1164971697@mail.com,123456
1205545086@mail.com,123456
1349028936@mail.com,123456
1671470408@mail.com,123456
1210008152@mail.com,123456
529776761@mail.com,123456
1294872175@mail.com,123456
1497606097@mail.com,123456
1007367116@mail.com,123456
1521049045@mail.com,123456
1039069430@mail.com,123456
1630380638@mail.com,123456
1948236631@mail.com,123456
2136376791@mail.com,123456
523844540@mail.com,123456
882304660@mail.com,123456
562341016@mail.com,123456
1494828196@mail.com,123456
1006130569@mail.com,123456
212200096@mail.com,123456
420555737@mail.com,123456
535653232@mail.com,123456
1031301004@mail.com,123456
763724069@mail.com,123456
16791513@mail.com,123456
1527976108@mail.com,123456
613821612@mail.com,123456
1698745833@mail.com,123456
1778585110@mail.com,123456
1513466250@mail.com,123456
1911963724@mail.com,123456
878923706@mail.com,123456
535030970@mail.com,123456
1900649365@mail.com,123456
662603311@mail.com,123456
1314942570@mail.com,123456
233690981@mail.com,123456
1594984094@mail.com,123456
1379592885@mail.com,123456
397755408@mail.com,123456
1193859819@mail.com,123456
1331849642@mail.com,123456
908532024@mail.com,123456
588647053@mail.com,123456
1040007275@mail.com,123456
1016100585@mail.com,123456
583036503@mail.com,123456
101918582@mail.com,123456
1934261185@mail.com,123456
972808895@mail.com,123456
458032828@mail.com,123456
1054374643@mail.com,123456
1420977151@mail.com,123456
1096022474@mail.com,123456
1476891289@mail.com,123456
1850931556@mail.com,123456
83514185@mail.com,123456
1835918302@mail.com,123456
1936798479@mail.com,123456
2018498307@mail.com,123456
868159375@mail.com,123456
278499030@mail.com,123456
1161448616@mail.com,123456
1153767578@mail.com,123456
206071828@mail.com,123456
1353118805@mail.com,123456
1899248571@mail.com,123456
72019725@mail.com,123456
517311967@mail.com,123456
1338903827@mail.com,123456
2121416155@mail.com,123456
1216657325@mail.com,123456
1967839770@mail.com,123456
1711963932@mail.com,123456
52804519@mail.com,123456
1619936115@mail.com,123456
1267779527@mail.com,123456
1341250846@mail.com,123456
483260539@mail.com,123456
1132723127@mail.com,123456
301980209@mail.com,123456
1957072747@mail.com,123456
369778623@mail.com,123456
1962750573@mail.com,123456
1314809245@mail.com,123456
1974234986@mail.com,123456
158675173@mail.com,123456
766235405@mail.com,123456
1835732524@mail.com,123456
1432390624@mail.com,123456
589958275@mail.com,123456
1621752120@mail.com,123456
1534427897@mail.com,123456
800847468@mail.com,123456
652680517@mail.com,123456
1736355296@mail.com,123456
1554486539@mail.com,123456
430630994@mail.com,123456
155294585@mail.com,123456
307789441@mail.com,123456
1566680953@mail.com,123456
134616843@mail.com,123456
933999154@mail.com,123456
1417702281@mail.com,123456
919635659@mail.com,123456
547005326@mail.com,123456
1322045310@mail.com,123456
1935107045@mail.com,123456
170774142@mail.com,123456
1627394720@mail.com,123456
188479229@mail.com,123456
1439997805@mail.com,123456
950339959@mail.com,123456
1945273493@mail.com,123456
954977538@mail.com,123456
514535526@mail.com,123456
